method,curve,x,y
YOLO11s alone,PR,1.0,0.033783783783783786
YOLO11s alone,PR,1.0,0.034013605442176874
YOLO11s alone,PR,1.0,0.03424657534246575
YOLO11s alone,PR,1.0,0.034482758620689655
YOLO11s alone,PR,1.0,0.034722222222222224
YOLO11s alone,PR,1.0,0.03496503496503497
YOLO11s alone,PR,1.0,0.035211267605633804
YOLO11s alone,PR,0.8,0.028368794326241134
YOLO11s alone,PR,0.8,0.02857142857142857
YOLO11s alone,PR,0.8,0.02877697841726619
YOLO11s alone,PR,0.8,0.028985507246376812
YOLO11s alone,PR,0.8,0.029197080291970802
YOLO11s alone,PR,0.8,0.029411764705882353
YOLO11s alone,PR,0.8,0.02962962962962963
YOLO11s alone,PR,0.8,0.029850746268656716
YOLO11s alone,PR,0.8,0.03007518796992481
YOLO11s alone,PR,0.8,0.030303030303030304
YOLO11s alone,PR,0.8,0.030534351145038167
YOLO11s alone,PR,0.8,0.03076923076923077
YOLO11s alone,PR,0.8,0.031007751937984496
YOLO11s alone,PR,0.8,0.03125
YOLO11s alone,PR,0.6,0.023622047244094488
YOLO11s alone,PR,0.6,0.023809523809523808
YOLO11s alone,PR,0.6,0.024
YOLO11s alone,PR,0.6,0.024193548387096774
YOLO11s alone,PR,0.6,0.024390243902439025
YOLO11s alone,PR,0.6,0.02459016393442623
YOLO11s alone,PR,0.6,0.024793388429752067
YOLO11s alone,PR,0.6,0.025
YOLO11s alone,PR,0.6,0.025210084033613446
YOLO11s alone,PR,0.6,0.025423728813559324
YOLO11s alone,PR,0.6,0.02564102564102564
YOLO11s alone,PR,0.6,0.02586206896551724
YOLO11s alone,PR,0.4,0.017391304347826087
YOLO11s alone,PR,0.4,0.017543859649122806
YOLO11s alone,PR,0.4,0.017699115044247787
YOLO11s alone,PR,0.4,0.017857142857142856
YOLO11s alone,PR,0.4,0.018018018018018018
YOLO11s alone,PR,0.4,0.01818181818181818
YOLO11s alone,PR,0.4,0.01834862385321101
YOLO11s alone,PR,0.4,0.018518518518518517
YOLO11s alone,PR,0.4,0.018691588785046728
YOLO11s alone,PR,0.4,0.018867924528301886
YOLO11s alone,PR,0.4,0.01904761904761905
YOLO11s alone,PR,0.4,0.019230769230769232
YOLO11s alone,PR,0.4,0.019417475728155338
YOLO11s alone,PR,0.4,0.0196078431372549
YOLO11s alone,PR,0.4,0.019801980198019802
YOLO11s alone,PR,0.4,0.02
YOLO11s alone,PR,0.4,0.020202020202020204
YOLO11s alone,PR,0.4,0.02040816326530612
YOLO11s alone,PR,0.4,0.020618556701030927
YOLO11s alone,PR,0.4,0.020833333333333332
YOLO11s alone,PR,0.4,0.021052631578947368
YOLO11s alone,PR,0.4,0.02127659574468085
YOLO11s alone,PR,0.4,0.021505376344086023
YOLO11s alone,PR,0.4,0.021739130434782608
YOLO11s alone,PR,0.4,0.02197802197802198
YOLO11s alone,PR,0.4,0.022222222222222223
YOLO11s alone,PR,0.4,0.02247191011235955
YOLO11s alone,PR,0.4,0.022727272727272728
YOLO11s alone,PR,0.4,0.022988505747126436
YOLO11s alone,PR,0.4,0.023255813953488372
YOLO11s alone,PR,0.4,0.023529411764705882
YOLO11s alone,PR,0.4,0.023809523809523808
YOLO11s alone,PR,0.4,0.024096385542168676
YOLO11s alone,PR,0.4,0.024390243902439025
YOLO11s alone,PR,0.4,0.024691358024691357
YOLO11s alone,PR,0.4,0.025
YOLO11s alone,PR,0.4,0.02531645569620253
YOLO11s alone,PR,0.4,0.02564102564102564
YOLO11s alone,PR,0.4,0.025974025974025976
YOLO11s alone,PR,0.4,0.02631578947368421
YOLO11s alone,PR,0.2,0.013333333333333334
YOLO11s alone,PR,0.2,0.013513513513513514
YOLO11s alone,PR,0.2,0.0136986301369863
YOLO11s alone,PR,0.2,0.013888888888888888
YOLO11s alone,PR,0.2,0.014084507042253521
YOLO11s alone,PR,0.2,0.014285714285714285
YOLO11s alone,PR,0.2,0.014492753623188406
YOLO11s alone,PR,0.2,0.014705882352941176
YOLO11s alone,PR,0.2,0.014925373134328358
YOLO11s alone,PR,0.2,0.015151515151515152
YOLO11s alone,PR,0.2,0.015384615384615385
YOLO11s alone,PR,0.2,0.015625
YOLO11s alone,PR,0.2,0.015873015873015872
YOLO11s alone,PR,0.2,0.016129032258064516
YOLO11s alone,PR,0.2,0.01639344262295082
YOLO11s alone,PR,0.2,0.016666666666666666
YOLO11s alone,PR,0.2,0.01694915254237288
YOLO11s alone,PR,0.2,0.017241379310344827
YOLO11s alone,PR,0.2,0.017543859649122806
YOLO11s alone,PR,0.2,0.017857142857142856
YOLO11s alone,PR,0.2,0.01818181818181818
YOLO11s alone,PR,0.2,0.018518518518518517
YOLO11s alone,PR,0.2,0.018867924528301886
YOLO11s alone,PR,0.2,0.019230769230769232
YOLO11s alone,PR,0.2,0.0196078431372549
YOLO11s alone,PR,0.2,0.02
YOLO11s alone,PR,0.2,0.02040816326530612
YOLO11s alone,PR,0.2,0.020833333333333332
YOLO11s alone,PR,0.2,0.02127659574468085
YOLO11s alone,PR,0.2,0.021739130434782608
YOLO11s alone,PR,0.2,0.022222222222222223
YOLO11s alone,PR,0.2,0.022727272727272728
YOLO11s alone,PR,0.2,0.023255813953488372
YOLO11s alone,PR,0.2,0.023809523809523808
YOLO11s alone,PR,0.2,0.024390243902439025
YOLO11s alone,PR,0.2,0.025
YOLO11s alone,PR,0.2,0.02564102564102564
YOLO11s alone,PR,0.2,0.02631578947368421
YOLO11s alone,PR,0.2,0.02702702702702703
YOLO11s alone,PR,0.2,0.027777777777777776
YOLO11s alone,PR,0.2,0.02857142857142857
YOLO11s alone,PR,0.2,0.029411764705882353
YOLO11s alone,PR,0.2,0.030303030303030304
YOLO11s alone,PR,0.2,0.03125
YOLO11s alone,PR,0.2,0.03225806451612903
YOLO11s alone,PR,0.2,0.03333333333333333
YOLO11s alone,PR,0.2,0.034482758620689655
YOLO11s alone,PR,0.2,0.03571428571428571
YOLO11s alone,PR,0.2,0.037037037037037035
YOLO11s alone,PR,0.2,0.038461538461538464
YOLO11s alone,PR,0.2,0.04
YOLO11s alone,PR,0.2,0.041666666666666664
YOLO11s alone,PR,0.2,0.043478260869565216
YOLO11s alone,PR,0.2,0.045454545454545456
YOLO11s alone,PR,0.2,0.047619047619047616
YOLO11s alone,PR,0.2,0.05
YOLO11s alone,PR,0.2,0.05263157894736842
YOLO11s alone,PR,0.2,0.05555555555555555
YOLO11s alone,PR,0.2,0.058823529411764705
YOLO11s alone,PR,0.2,0.0625
YOLO11s alone,PR,0.2,0.06666666666666667
YOLO11s alone,PR,0.2,0.07142857142857142
YOLO11s alone,PR,0.2,0.07692307692307693
YOLO11s alone,PR,0.2,0.08333333333333333
YOLO11s alone,PR,0.2,0.1
YOLO11s alone,PR,0.2,0.1111111111111111
YOLO11s alone,PR,0.2,0.125
YOLO11s alone,PR,0.2,0.14285714285714285
YOLO11s alone,PR,0.2,0.16666666666666666
YOLO11s alone,PR,0.2,0.2
YOLO11s alone,PR,0.2,0.25
YOLO11s alone,PR,0.2,0.3333333333333333
YOLO11s alone,PR,0.2,0.5
YOLO11s alone,PR,0.2,1.0
YOLO11s alone,PR,0.0,1.0
YOLO11s alone,ROC,0.0,0.0
YOLO11s alone,ROC,0.0,0.2
YOLO11s alone,ROC,0.06293706293706294,0.2
YOLO11s alone,ROC,0.07692307692307693,0.2
YOLO11s alone,ROC,0.5174825174825175,0.2
YOLO11s alone,ROC,0.5174825174825175,0.4
YOLO11s alone,ROC,0.7902097902097902,0.4
YOLO11s alone,ROC,0.7902097902097902,0.6
YOLO11s alone,ROC,0.8671328671328671,0.6
YOLO11s alone,ROC,0.8671328671328671,0.8
YOLO11s alone,ROC,0.958041958041958,0.8
YOLO11s alone,ROC,0.958041958041958,1.0
YOLO11s alone,ROC,1.0,1.0
+ Qwen2.5-VL-3B,PR,1.0,0.033783783783783786
+ Qwen2.5-VL-3B,PR,0.6,0.125
+ Qwen2.5-VL-3B,PR,0.6,0.15
+ Qwen2.5-VL-3B,PR,0.6,0.3333333333333333
+ Qwen2.5-VL-3B,PR,0.6,0.5
+ Qwen2.5-VL-3B,PR,0.4,0.6666666666666666
+ Qwen2.5-VL-3B,PR,0.0,1.0
+ Qwen2.5-VL-3B,ROC,0.0,0.0
+ Qwen2.5-VL-3B,ROC,0.006993006993006993,0.4
+ Qwen2.5-VL-3B,ROC,0.02097902097902098,0.6
+ Qwen2.5-VL-3B,ROC,0.04195804195804196,0.6
+ Qwen2.5-VL-3B,ROC,0.11888111888111888,0.6
+ Qwen2.5-VL-3B,ROC,0.14685314685314685,0.6
+ Qwen2.5-VL-3B,ROC,1.0,1.0
+ Qwen2.5-VL-7B,PR,1.0,0.033783783783783786
+ Qwen2.5-VL-7B,PR,0.6,0.6
+ Qwen2.5-VL-7B,PR,0.4,0.6666666666666666
+ Qwen2.5-VL-7B,PR,0.0,1.0
+ Qwen2.5-VL-7B,ROC,0.0,0.0
+ Qwen2.5-VL-7B,ROC,0.006993006993006993,0.4
+ Qwen2.5-VL-7B,ROC,0.013986013986013986,0.6
+ Qwen2.5-VL-7B,ROC,1.0,1.0
